10,Error PC 01,Solution PC 1
11,Error PC 02,Solution PC 2
12,Error PC 03,Solution PC 3
13,Error PC 04,Solution PC 4
14,Error PC 05,Solution PC 5
15,Error PC 06,Solution PC 6  : D?ch v?n b?n: D?ch gi?a 108 ngôn ng? b?ng cách nh?p d? li?u • Nh?n ?? d?ch: Sao chép v?n b?n trong b?t k? ?ng d?ng nào và nh?n vào bi?u t??ng Google D?ch ?? …
16,Error PC 07,Solution PC 7
17,Error PC 08,Solution PC 8
18,Error PC 09,Solution PC 9
19,Error PC 10,Solution PC 10
20,Error PC 11,Solution PC 11
21,Error PC 12,Solution PC 12
22,Error PC 13,Solution PC 13
23,Error PC 14,Solution PC 14
24,Error PC 15,Solution PC 15
25,Error PC 16,Solution PC 16
26,Error PC 17,Solution PC 17
27,Error PC 18,Solution PC 18
28,Error PC 19,Solution PC 19
29,Error PC 20,Solution PC 20 
30,Error PC 21,Solution PC 21
31,Error PC 22,Solution PC 22
32,Error PC 23,Solution PC 23
33,Error PC 24,Solution PC 24
34,Error PC 25,Solution PC 25
35,Error PC 26,Solution PC 26
36,Error PC 27,Solution PC 27
37,Error PC 28,Solution PC 28
38,Error PC 29,Solution PC 29
39,Error PC 30,Solution PC 30
40,Error PC 31,Solution PC 31
41,Error PC 32,Solution PC 32
42,Error PC 33,Solution PC 33
43,Error PC 34,Solution PC 34
44,Error PC 35,Solution PC 35
45,Error PC 36,Solution PC 36
46,Error PC 37,Solution PC 37
47,Error PC 38,Solution PC 38
48,Error PC 39,Solution PC 39
49,Error PC 40,Solution PC 40
50,Error PC 41,Solution PC 41
51,Error PC 42,Solution PC 42
52,Error PC 43,Solution PC 43
53,Error PC 44,Solution PC 44
54,Error PC 45,Solution PC 45
55,Error PC 46,Solution PC 46
56,Error PC 47,Solution PC 47
57,Error PC 48,Solution PC 48
58,Error PC 49,Solution PC 49
59,Error PC 50,Solution PC 50
60,Error PC 51,Solution PC 51
61,Error PC 52,Solution PC 52
62,Error PC 53,Solution PC 53
63,Error PC 54,Solution PC 54
64,Error PC 55,Solution PC 55
65,Error PC 56,Solution PC 56
66,Error PC 57,Solution PC 57
67,Error PC 58,Solution PC 58
68,Error PC 59,Solution PC 59
69,Error PC 60,Solution PC 60
70,Error PC 61,Solution PC 61
71,Error PC 62,Solution PC 62
72,Error PC 63,Solution PC 63
73,Error PC 64,Solution PC 64
74,Error PC 65,Solution PC 65
75,Error PC 66,Solution PC 66
76,Error PC 67,Solution PC 67
77,Error PC 68,Solution PC 68
78,Error PC 69,Solution PC 69
79,Error PC 70,Solution PC 70
80,Error PC 71,Solution PC 71
81,Error PC 72,Solution PC 72
82,Error PC 73,Solution PC 73
83,Error PC 74,Solution PC 74
84,Error PC 75,Solution PC 75
85,Error PC 76,Solution PC 76
86,Error PC 77,Solution PC 77
87,Error PC 78,Solution PC 78
88,Error PC 79,Solution PC 79
89,Error PC 80,Solution PC 80
90,Error PC 81,Solution PC 81
91,Error PC 82,Solution PC 82
92,Error PC 83,Solution PC 83
93,Error PC 84,Solution PC 84
94,Error PC 85,Solution PC 85
95,Error PC 86,Solution PC 86
96,Error PC 87,Solution PC 87
97,Error PC 88,Solution PC 88
98,Error PC 89,Solution PC 89
99,Error PC 90,Solution PC 90
100,Error PC 91,Solution PC 91
101,Error PLC 01,Solution PLC 01
102,Error PLC 02,Solution PLC 02
103,Error PLC 03,Solution PLC 03
104,Error PLC 04,Solution PLC 04
105,Error PLC 05,Solution PLC 05
106,Error PLC 06,Solution PLC 06
107,Error PLC 07,Solution PLC 07
108,Error PLC 08,Solution PLC 08
109,Error PLC 09,Solution PLC 09
110,Error PLC 10,Solution PLC 10
111,Error PLC 11,Solution PLC 11
112,Error PLC 12,Solution PLC 12
113,Error PLC 13,Solution PLC 13
114,Error PLC 14,Solution PLC 14
115,Error PLC 15,Solution PLC 15
116,Error PLC 16,Solution PLC 16
117,Error PLC 17,Solution PLC 17
118,Error PLC 18,Solution PLC 18
119,Error PLC 19,Solution PLC 19
120,Error PLC 20 A global product and solution supplier specialized in machine vision and mobile rob A global product and solution supplier specialized in machine vision and mobile rob 123,Solution PLC 20 A global product and solution supplier specialized in machine vision and mobile rob
121,Error PLC 21,Solution PLC 21
122,Error PLC 22,Solution PLC 22
123,Error PLC 23,Solution PLC 23
124,Error PLC 24,Solution PLC 24
125,Error PLC 25,Solution PLC 25
126,Error PLC 26,Solution PLC 26
127,Error PLC 27,Solution PLC 27
128,Error PLC 28,Solution PLC 28
129,Error PLC 29,Solution PLC 29
130,Error PLC 30,Solution PLC 30
131,Error PLC 31,Solution PLC 31
132,Error PLC 32,Solution PLC 32
133,Error PLC 33,Solution PLC 33
134,Error PLC 34,Solution PLC 34
135,Error PLC 35,Solution PLC 35
136,Error PLC 36,Solution PLC 36
137,Error PLC 37,Solution PLC 37
138,Error PLC 38,Solution PLC 38
139,Error PLC 39,Solution PLC 39
140,Error PLC 40,Solution PLC 40
141,Error PLC 41,Solution PLC 41
142,Error PLC 42,Solution PLC 42
143,Error PLC 43,Solution PLC 43
144,Error PLC 44,Solution PLC 44
145,Error PLC 45,Solution PLC 45
146,Error PLC 46,Solution PLC 46
147,Error PLC 47,Solution PLC 47
148,Error PLC 48,Solution PLC 48
149,Error PLC 49,Solution PLC 49
150,Error PLC 50,Solution PLC 50
151,Error PLC 51,Solution PLC 51
152,Error PLC 52,Solution PLC 52
153,Error PLC 53,Solution PLC 53
154,Error PLC 54,Solution PLC 54
155,Error PLC 55,Solution PLC 55
156,Error PLC 56,Solution PLC 56
157,Error PLC 57,Solution PLC 57
158,Error PLC 58,Solution PLC 58
159,Error PLC 59,Solution PLC 59
160,Error PLC 60,Solution PLC 60
161,Error PLC 61,Solution PLC 61
162,Error PLC 62,Solution PLC 62
163,Error PLC 63,Solution PLC 63
164,Error PLC 64,Solution PLC 64
165,Error PLC 65,Solution PLC 65
166,Error PLC 66,Solution PLC 66
167,Error PLC 67,Solution PLC 67
168,Error PLC 68,Solution PLC 68
169,Error PLC 69,Solution PLC 69
170,Error PLC 70,Solution PLC 70
171,Error PLC 71,Solution PLC 71
172,Error PLC 72,Solution PLC 72
173,Error PLC 73,Solution PLC 73
174,Error PLC 74,Solution PLC 74
175,Error PLC 75,Solution PLC 75
176,Error PLC 76,Solution PLC 76
177,Error PLC 77,Solution PLC 77
178,Error PLC 78,Solution PLC 78
179,Error PLC 79,Solution PLC 79
180,Error PLC 80,Solution PLC 80
181,Error PLC 81,Solution PLC 81
182,Error PLC 82,Solution PLC 82
183,Error PLC 83,Solution PLC 83
184,Error PLC 84,Solution PLC 84
185,Error PLC 85,Solution PLC 85
186,Error PLC 86,Solution PLC 86
187,Error PLC 87,Solution PLC 87
188,Error PLC 88,Solution PLC 88
189,Error PLC 89,Solution PLC 89
190,Error PLC 90,Solution PLC 90
191,Error PLC 91,Solution PLC 91
192,Error PLC 92,Solution PLC 92
193,Error PLC 93,Solution PLC 93
194,Error PLC 94,Solution PLC 94
195,Error PLC 95,Solution PLC 95
196,Error PLC 96,Solution PLC 96
197,Error PLC 97,Solution PLC 97
198,Error PLC 98,Solution PLC 98
199,Error PLC 99,Solution PLC 99
200,Error PLC 100,Solution PLC 100
201,Error PLC 101,Solution PLC 101
202,Error PLC 102,Solution PLC 102
203,Error PLC 103,Solution PLC 103
204,Error PLC 104,Solution PLC 104
205,Error PLC 105,Solution PLC 105
206,Error PLC 106,Solution PLC 106
207,Error PLC 107,Solution PLC 107
208,Error PLC 108,Solution PLC 108
209,Error PLC 109,Solution PLC 109
210,Error PLC 110,Solution PLC 110
211,Error PLC 111,Solution PLC 111
212,Error PLC 112,Solution PLC 112
213,Error PLC 113,Solution PLC 113
214,Error PLC 114,Solution PLC 114
215,Error PLC 115,Solution PLC 115
216,Error PLC 116,Solution PLC 116
217,Error PLC 117,Solution PLC 117
218,Error PLC 118,Solution PLC 118
219,Error PLC 119,Solution PLC 119
220,Error PLC 120,Solution PLC 120
221,Error PLC 121,Solution PLC 121
222,Error PLC 122,Solution PLC 122
223,Error PLC 123,Solution PLC 123
224,Error PLC 124,Solution PLC 124
225,Error PLC 125,Solution PLC 125
226,Error PLC 126,Solution PLC 126
227,Error PLC 127,Solution PLC 127
228,Error PLC 128,Solution PLC 128
229,Error PLC 129,Solution PLC 129
230,Error PLC 130,Solution PLC 130
231,Error PLC 131,Solution PLC 131
232,Error PLC 132,Solution PLC 132
233,Error PLC 133,Solution PLC 133
234,Error PLC 134,Solution PLC 134
235,Error PLC 135,Solution PLC 135
236,Error PLC 136,Solution PLC 136
237,Error PLC 137,Solution PLC 137
238,Error PLC 138,Solution PLC 138
239,Error PLC 139,Solution PLC 139
240,Error PLC 140,Solution PLC 140
241,Error PLC 141,Solution PLC 141
242,Error PLC 142,Solution PLC 142
243,Error PLC 143,Solution PLC 143
244,Error PLC 144,Solution PLC 144
245,Error PLC 145,Solution PLC 145
246,Error PLC 146,Solution PLC 146
247,Error PLC 147,Solution PLC 147
248,Error PLC 148,Solution PLC 148
249,Error PLC 149,Solution PLC 149
250,Error PLC 150,Solution PLC 150
251,Error PLC 151,Solution PLC 151
252,Error PLC 152,Solution PLC 152
253,Error PLC 153,Solution PLC 153
254,Error PLC 154,Solution PLC 154
255,Error PLC 155,Solution PLC 155
256,Error PLC 156,Solution PLC 156
257,Error PLC 157,Solution PLC 157
258,Error PLC 158,Solution PLC 158
259,Error PLC 159,Solution PLC 159
260,Error PLC 160,Solution PLC 160
261,Error PLC 161,Solution PLC 161
262,Error PLC 162,Solution PLC 162
263,Error PLC 163,Solution PLC 163
264,Error PLC 164,Solution PLC 164
265,Error PLC 165,Solution PLC 165
266,Error PLC 166,Solution PLC 166
267,Error PLC 167,Solution PLC 167
268,Error PLC 168,Solution PLC 168
269,Error PLC 169,Solution PLC 169
270,Error PLC 170,Solution PLC 170
271,Error PLC 171,Solution PLC 171
272,Error PLC 172,Solution PLC 172
273,Error PLC 173,Solution PLC 173
274,Error PLC 174,Solution PLC 174
275,Error PLC 175,Solution PLC 175
276,Error PLC 176,Solution PLC 176
277,Error PLC 177,Solution PLC 177
278,Error PLC 178,Solution PLC 178
279,Error PLC 179,Solution PLC 179
280,Error PLC 180,Solution PLC 180
281,Error PLC 181,Solution PLC 181
282,Error PLC 182,Solution PLC 182
283,Error PLC 183,Solution PLC 183
284,Error PLC 184,Solution PLC 184
285,Error PLC 185,Solution PLC 185
286,Error PLC 186,Solution PLC 186
287,Error PLC 187,Solution PLC 187
288,Error PLC 188,Solution PLC 188
289,Error PLC 189,Solution PLC 189
290,Error PLC 190,Solution PLC 190
291,Error PLC 191,Solution PLC 191
292,Error PLC 192,Solution PLC 192
293,Error PLC 193,Solution PLC 193
294,Error PLC 194,Solution PLC 194
295,Error PLC 195,Solution PLC 195
296,Error PLC 196,Solution PLC 196
297,Error PLC 197,Solution PLC 197
298,Error PLC 198,Solution PLC 198
299,Error PLC 199,Solution PLC 199
300,Error PLC 200,Solution PLC 200
301,Error PLC 201,Solution PLC 201
302,Error PLC 202,Solution PLC 202
303,Error PLC 203,Solution PLC 203
304,Error PLC 204,Solution PLC 204
305,Error PLC 205,Solution PLC 205
306,Error PLC 206,Solution PLC 206
307,Error PLC 207,Solution PLC 207
308,Error PLC 208,Solution PLC 208
309,Error PLC 209,Solution PLC 209
310,Error PLC 210,Solution PLC 210
311,Error PLC 211,Solution PLC 211
312,Error PLC 212,Solution PLC 212
313,Error PLC 213,Solution PLC 213
314,Error PLC 214,Solution PLC 214
315,Error PLC 215,Solution PLC 215
316,Error PLC 216,Solution PLC 216
317,Error PLC 217,Solution PLC 217
318,Error PLC 218,Solution PLC 218
319,Error PLC 219,Solution PLC 219
320,Error PLC 220,Solution PLC 220
321,Error PLC 221,Solution PLC 221
322,Error PLC 222,Solution PLC 222
323,Error PLC 223,Solution PLC 223
324,Error PLC 224,Solution PLC 224
325,Error PLC 225,Solution PLC 225
326,Error PLC 226,Solution PLC 226
327,Error PLC 227,Solution PLC 227
328,Error PLC 228,Solution PLC 228
329,Error PLC 229,Solution PLC 229
330,Error PLC 230,Solution PLC 230
331,Error PLC 231,Solution PLC 231
332,Error PLC 232,Solution PLC 232
333,Error PLC 233,Solution PLC 233
334,Error PLC 234,Solution PLC 234
335,Error PLC 235,Solution PLC 235
336,Error PLC 236,Solution PLC 236
337,Error PLC 237,Solution PLC 237
338,Error PLC 238,Solution PLC 238
339,Error PLC 239,Solution PLC 239
340,Error PLC 240,Solution PLC 240
341,Error PLC 241,Solution PLC 241
342,Error PLC 242,Solution PLC 242
343,Error PLC 243,Solution PLC 243
344,Error PLC 244,Solution PLC 244
345,Error PLC 245,Solution PLC 245
346,Error PLC 246,Solution PLC 246
347,Error PLC 247,Solution PLC 247
348,Error PLC 248,Solution PLC 248
349,Error PLC 249,Solution PLC 249
350,Error PLC 250,Solution PLC 250
351,Error PLC 251,Solution PLC 251
352,Error PLC 252,Solution PLC 252
353,Error PLC 253,Solution PLC 253
354,Error PLC 254,Solution PLC 254
355,Error PLC 255,Solution PLC 255
356,Error PLC 256,Solution PLC 256
357,Error PLC 257,Solution PLC 257
358,Error PLC 258,Solution PLC 258
359,Error PLC 259,Solution PLC 259
360,Error PLC 260,Solution PLC 260
361,Error PLC 261,Solution PLC 261
362,Error PLC 262,Solution PLC 262
363,Error PLC 263,Solution PLC 263
364,Error PLC 264,Solution PLC 264
365,Error PLC 265,Solution PLC 265
366,Error PLC 266,Solution PLC 266
367,Error PLC 267,Solution PLC 267
368,Error PLC 268,Solution PLC 268
369,Error PLC 269,Solution PLC 269
370,Error PLC 270,Solution PLC 270
371,Error PLC 271,Solution PLC 271
372,Error PLC 272,Solution PLC 272
373,Error PLC 273,Solution PLC 273
374,Error PLC 274,Solution PLC 274
375,Error PLC 275,Solution PLC 275
376,Error PLC 276,Solution PLC 276
377,Error PLC 277,Solution PLC 277
378,Error PLC 278,Solution PLC 278
379,Error PLC 279,Solution PLC 279
380,Error PLC 280,Solution PLC 280
381,Error PLC 281,Solution PLC 281
382,Error PLC 282,Solution PLC 282
383,Error PLC 283,Solution PLC 283
384,Error PLC 284,Solution PLC 284
385,Error PLC 285,Solution PLC 285
386,Error PLC 286,Solution PLC 286
387,Error PLC 287,Solution PLC 287
388,Error PLC 288,Solution PLC 288
389,Error PLC 289,Solution PLC 289
390,Error PLC 290,Solution PLC 290
391,Error PLC 291,Solution PLC 291
392,Error PLC 292,Solution PLC 292
393,Error PLC 293,Solution PLC 293
394,Error PLC 294,Solution PLC 294
395,Error PLC 295,Solution PLC 295
396,Error PLC 296,Solution PLC 296
397,Error PLC 297,Solution PLC 297
398,Error PLC 298,Solution PLC 298
399,Error PLC 299,Solution PLC 299
400,Error PLC 300,Solution PLC 300
401,Error PLC 301,Solution PLC 301
402,Error PLC 302,Solution PLC 302
403,Error PLC 303,Solution PLC 303
404,Error PLC 304,Solution PLC 304
405,Error PLC 305,Solution PLC 305
406,Error PLC 306,Solution PLC 306
407,Error PLC 307,Solution PLC 307
408,Error PLC 308,Solution PLC 308
409,Error PLC 309,Solution PLC 309
410,Error PLC 310,Solution PLC 310
411,Error PLC 311,Solution PLC 311
412,Error PLC 312,Solution PLC 312
413,Error PLC 313,Solution PLC 313
414,Error PLC 314,Solution PLC 314
415,Error PLC 315,Solution PLC 315
416,Error PLC 316,Solution PLC 316
417,Error PLC 317,Solution PLC 317
418,Error PLC 318,Solution PLC 318
419,Error PLC 319,Solution PLC 319
420,Error PLC 320,Solution PLC 320
421,Error PLC 321,Solution PLC 321
422,Error PLC 322,Solution PLC 322
423,Error PLC 323,Solution PLC 323
424,Error PLC 324,Solution PLC 324
425,Error PLC 325,Solution PLC 325
426,Error PLC 326,Solution PLC 326
427,Error PLC 327,Solution PLC 327
428,Error PLC 328,Solution PLC 328
429,Error PLC 329,Solution PLC 329
430,Error PLC 330,Solution PLC 330
431,Error PLC 331,Solution PLC 331
432,Error PLC 332,Solution PLC 332
433,Error PLC 333,Solution PLC 333
434,Error PLC 334,Solution PLC 334
435,Error PLC 335,Solution PLC 335
436,Error PLC 336,Solution PLC 336
437,Error PLC 337,Solution PLC 337
438,Error PLC 338,Solution PLC 338
439,Error PLC 339,Solution PLC 339
440,Error PLC 340,Solution PLC 340
441,Error PLC 341,Solution PLC 341
442,Error PLC 342,Solution PLC 342
443,Error PLC 343,Solution PLC 343
444,Error PLC 344,Solution PLC 344
445,Error PLC 345,Solution PLC 345
446,Error PLC 346,Solution PLC 346
447,Error PLC 347,Solution PLC 347
448,Error PLC 348,Solution PLC 348
449,Error PLC 349,Solution PLC 349
450,Error PLC 350,Solution PLC 350
451,Error PLC 351,Solution PLC 351
452,Error PLC 352,Solution PLC 352
453,Error PLC 353,Solution PLC 353
454,Error PLC 354,Solution PLC 354
455,Error PLC 355,Solution PLC 355
456,Error PLC 356,Solution PLC 356
457,Error PLC 357,Solution PLC 357
458,Error PLC 358,Solution PLC 358
459,Error PLC 359,Solution PLC 359
460,Error PLC 360,Solution PLC 360
461,Error PLC 361,Solution PLC 361
462,Error PLC 362,Solution PLC 362
463,Error PLC 363,Solution PLC 363
464,Error PLC 364,Solution PLC 364
465,Error PLC 365,Solution PLC 365
466,Error PLC 366,Solution PLC 366
467,Error PLC 367,Solution PLC 367
468,Error PLC 368,Solution PLC 368
469,Error PLC 369,Solution PLC 369
470,Error PLC 370,Solution PLC 370
471,Error PLC 371,Solution PLC 371
472,Error PLC 372,Solution PLC 372
473,Error PLC 373,Solution PLC 373
474,Error PLC 374,Solution PLC 374
475,Error PLC 375,Solution PLC 375
476,Error PLC 376,Solution PLC 376
477,Error PLC 377,Solution PLC 377
478,Error PLC 378,Solution PLC 378
479,Error PLC 379,Solution PLC 379
480,Error PLC 380,Solution PLC 380
481,Error PLC 381,Solution PLC 381
482,Error PLC 382,Solution PLC 382
483,Error PLC 383,Solution PLC 383
484,Error PLC 384,Solution PLC 384
485,Error PLC 385,Solution PLC 385
486,Error PLC 386,Solution PLC 386
487,Error PLC 387,Solution PLC 387
488,Error PLC 388,Solution PLC 388
489,Error PLC 389,Solution PLC 389
490,Error PLC 390,Solution PLC 390
491,Error PLC 391,Solution PLC 391
492,Error PLC 392,Solution PLC 392
493,Error PLC 393,Solution PLC 393
494,Error PLC 394,Solution PLC 394
495,Error PLC 395,Solution PLC 395
496,Error PLC 396,Solution PLC 396
497,Error PLC 397,Solution PLC 397
498,Error PLC 398,Solution PLC 398
499,Error PLC 399,Solution PLC 399
500,Error PLC 400,Solution PLC 400
501,Error PLC 401,Solution PLC 401
502,Error PLC 402,Solution PLC 402
503,Error PLC 403,Solution PLC 403
504,Error PLC 404,Solution PLC 404
505,Error PLC 405,Solution PLC 405
506,Error PLC 406,Solution PLC 406
507,Error PLC 407,Solution PLC 407
508,Error PLC 408,Solution PLC 408
509,Error PLC 409,Solution PLC 409
